name	dna_sequence	aa_sequence	notes
FLAG	GACTACAAAGACGATGACGATAAG	DYKDDDDK	8aa; single FLAG epitope
HA	TACCCATACGACGTTCCAGATTACGCC	YPYDVPDYA	9aa; influenza HA epitope
6xHis	CACCACCACCACCACCAC	HHHHHH	6aa; polyhistidine
myc	GAACAAAAACTCATCTCAGAAGAGGATCTG	EQKLISEEDL	10aa; c-Myc epitope
V5	GGTAAGCCCATCCCTAACCCTCTGCTGGGCCTGGACAGCACT	GKPIPNPLLGLDST	14aa; SV5 P/V protein epitope
OLLAS	AGCGGTTTTGCTAACGAACTGGGTCCTCGTCTGATGGGT	SGFANELGPRLMG	13aa; epitope for L2 antibody
AID*	CCTAAAGATCCAGCCAAACCTCCGGCCAAGGCACAAGTTGTGGGATGGCCACCGGTGAGATCATACCGGAAGAACGTGATGGTTTCCTGCCAAAAATCAAGCGGTGGCCCGGAGGCGGCGGCGTTCGTGAAG	PKDPAKPPAKAQVVGWPPVRSYRKNVMVSCQKSSGGPEAAAFVK	44aa minimal AID degron (Ashley et al. 2021 Genetics)
GFP11	CGTGATCACATGGTGCTGCATGAATACGTGAACGCTGCTGGTATTACT	RDHMVLHEYVNAAGIT	16aa; sfGFP strand 11 (split-GFP system; Cabantous et al.)
mScarlet11	TACACCGTCGTCGAGCAATACGAGAAGTCCGTCGCCCGTCACTGCACCGGAGGAATGGATGAGTTATACAAG	YTVVEQYEKSVARHCTGGMDELYK	24aa; wrmScarlet strand 11 MDELYK variant (Cram et al. 2021 Genetics); use for C-terminal tags to avoid GG degron
PhiC31 attB	GGGGTGCCAGGGCGTGCCCTTGGGCTCCCCGGGCGCGTA	GVPGRALGLPGRV	39bp integrase attB site (translated to 13aa)
